<?xml version="1.0" encoding="UTF-8"?>
<project version="4">
  <component name="ChangeListManager">
    <list default="true" id="ff65b79c-ab77-4e1b-9f50-b855cd3c8bd4" name="Changes" comment="" />
    <option name="SHOW_DIALOG" value="false" />
    <option name="HIGHLIGHT_CONFLICTS" value="true" />
    <option name="HIGHLIGHT_NON_ACTIVE_CHANGELIST" value="false" />
    <option name="LAST_RESOLUTION" value="IGNORE" />
  </component>
  <component name="ProjectId" id="260lRKKsnXtU0WUMT0cjjv7FZ1k" />
  <component name="ProjectViewState">
    <option name="hideEmptyMiddlePackages" value="true" />
    <option name="showLibraryContents" value="true" />
  </component>
  <component name="PropertiesComponent">
    <property name="Downloaded.Files.Path.Enabled" value="false" />
    <property name="Repository.Attach.Annotations" value="false" />
    <property name="Repository.Attach.JavaDocs" value="false" />
    <property name="Repository.Attach.Sources" value="false" />
    <property name="RunOnceActivity.OpenProjectViewOnStart" value="true" />
    <property name="RunOnceActivity.ShowReadmeOnStart" value="true" />
    <property name="WebServerToolWindowFactoryState" value="false" />
    <property name="last_opened_file_path" value="$PROJECT_DIR$" />
    <property name="project.structure.last.edited" value="Project" />
    <property name="project.structure.proportion" value="0.0" />
    <property name="project.structure.side.proportion" value="0.0" />
    <property name="settings.editor.selected.configurable" value="ssh.settings" />
    <property name="vue.rearranger.settings.migration" value="true" />
  </component>
  <component name="RunManager" selected="JUnit.ClosestAntennaPairExposedTests.baseCaseTest2">
    <configuration name="ClosestAntennaPairExposedTests.baseCaseTest1" type="JUnit" factoryName="JUnit" temporary="true" nameIsGenerated="true">
      <module name="starterCode" />
      <option name="PACKAGE_NAME" value="" />
      <option name="MAIN_CLASS_NAME" value="ClosestAntennaPairExposedTests" />
      <option name="METHOD_NAME" value="baseCaseTest1" />
      <option name="TEST_OBJECT" value="method" />
      <method v="2">
        <option name="Make" enabled="true" />
      </method>
    </configuration>
    <configuration name="ClosestAntennaPairExposedTests.baseCaseTest2" type="JUnit" factoryName="JUnit" temporary="true" nameIsGenerated="true">
      <module name="starterCode" />
      <option name="PACKAGE_NAME" value="" />
      <option name="MAIN_CLASS_NAME" value="ClosestAntennaPairExposedTests" />
      <option name="METHOD_NAME" value="baseCaseTest2" />
      <option name="TEST_OBJECT" value="method" />
      <method v="2">
        <option name="Make" enabled="true" />
      </method>
    </configuration>
    <recent_temporary>
      <list>
        <item itemvalue="JUnit.ClosestAntennaPairExposedTests.baseCaseTest2" />
        <item itemvalue="JUnit.ClosestAntennaPairExposedTests.baseCaseTest1" />
      </list>
    </recent_temporary>
  </component>
  <component name="SpellCheckerSettings" RuntimeDictionaries="0" Folders="0" CustomDictionaries="0" DefaultDictionary="application-level" UseSingleDictionary="true" transferred="true" />
  <component name="TaskManager">
    <task active="true" id="Default" summary="Default task">
      <changelist id="ff65b79c-ab77-4e1b-9f50-b855cd3c8bd4" name="Changes" comment="" />
      <created>1646568376578</created>
      <option name="number" value="Default" />
      <option name="presentableId" value="Default" />
      <updated>1646568376578</updated>
      <workItem from="1646568378797" duration="5177000" />
    </task>
    <servers />
  </component>
  <component name="TypeScriptGeneratedFilesManager">
    <option name="version" value="3" />
  </component>
</project>